source,link,text,sentiment,score
Careers360,https://www.careers360.com/colleges/bhagwan-parshuram-institute-of-technology-delhi/reviews,"BPIT Delhi Reviews on Infrastructure, Campus, Placement, Facilities & Faculty",NEUTRAL,0.0
Careers360,https://www.careers360.com/colleges/bhagwan-parshuram-institute-of-technology-delhi/reviews,"Get updates on Eligibility, Admission, Placements Fees Structure",NEUTRAL,0.0
Careers360,https://www.careers360.com/colleges/bhagwan-parshuram-institute-of-technology-delhi/reviews,Among top 100 Universities Globally in the Times Higher Education (THE) Interdisciplinary Science Rankings 2026,POSITIVE,0.2023
Careers360,https://www.careers360.com/colleges/bhagwan-parshuram-institute-of-technology-delhi/reviews,Application Deadline: 15th April \| Recognized as Institute of Eminence by Govt. of India \| NAAC ‘A++’ Grade \| Upto 75% Scholarships,NEUTRAL,0.0
Careers360,https://www.careers360.com/colleges/bhagwan-parshuram-institute-of-technology-delhi/reviews,Mark presence in the Modern Architectural field with Bachelor of Architecture \| Highest CTC : 70 LPA \| Accepts NATA Score,POSITIVE,0.3182
Careers360,https://www.careers360.com/colleges/bhagwan-parshuram-institute-of-technology-delhi/reviews,VIT Bhopal University \| Integrated M.Tech Admissions 2026,NEUTRAL,0.0
Careers360,https://www.careers360.com/colleges/bhagwan-parshuram-institute-of-technology-delhi/reviews,Final Application Deadline: 23rd March \| NAAC A++ Accredited \| Accorded institution of Eminence by Govt. of India \| NIRF Rank #3,NEUTRAL,0.0
Careers360,https://www.careers360.com/colleges/bhagwan-parshuram-institute-of-technology-delhi/reviews,AllInfrastructureAcademicsPlacementsValue for moneyCampus life,NEUTRAL,0.0
Careers360,https://www.careers360.com/colleges/bhagwan-parshuram-institute-of-technology-delhi/reviews,this is not a bad college afterall.Guidance is great,POSITIVE,0.7876
Careers360,https://www.careers360.com/colleges/bhagwan-parshuram-institute-of-technology-delhi/reviews,"The infrastructure, facilities and equipment are good and most of the faculty is supportive. The college is hygienic and the furniture is well maintained.wifi is there in the campus but it doesn't work as such.",POSITIVE,0.4767
Careers360,https://www.careers360.com/colleges/bhagwan-parshuram-institute-of-technology-delhi/reviews,Academics wise the faculty is very supportive and the quality of teaching is not lazy. BPIT follows the IP curriculum which is not very recent or make you job ready for the current times. The curriculum is not much updated to get a great placement.,POSITIVE,0.9232
Careers360,https://www.careers360.com/colleges/bhagwan-parshuram-institute-of-technology-delhi/reviews,B.Tech. for all the branches costs approximately Rs. 1.75 lakh per year,NEUTRAL,0.0
Careers360,https://www.careers360.com/colleges/bhagwan-parshuram-institute-of-technology-delhi/reviews,"The campus is very very small. There is not much to explore or have any ""campus life"" as such",NEUTRAL,0.0
Careers360,https://www.careers360.com/colleges/bhagwan-parshuram-institute-of-technology-delhi/reviews,"If your rank is very bad and can't afford then, go for it",NEGATIVE,-0.5849
Careers360,https://www.careers360.com/colleges/bhagwan-parshuram-institute-of-technology-delhi/reviews,"BPIT's infrastructure is average don't expect much. Though efforts are made to maintain it, it's just okay. Programming labs have decent computers, but desks, walls, and overall upkeep need serious improvement.",POSITIVE,0.6124
YouTube,https://www.youtube.com/watch?v=Ho4GFLsRyY4,Bhaiya kya mai aapse direct contact krr skta hu,NEUTRAL,0.0
YouTube,https://www.youtube.com/watch?v=Ho4GFLsRyY4,bhai ac hai bvocr aur bpit mai ?,NEUTRAL,0.0
YouTube,https://www.youtube.com/watch?v=Ho4GFLsRyY4,bvcoe mein btech m uniform hai?,NEUTRAL,0.0
YouTube,https://www.youtube.com/watch?v=Ho4GFLsRyY4,"Sir registration kar rakhi h , fees payment bhi kar di thi choice filling karna reh gya tha round 2 se pehle chance milta h choice filling karne ka ? For btech",POSITIVE,0.25
YouTube,https://www.youtube.com/watch?v=Ho4GFLsRyY4,Bvcoe me gender ratio jada hai kya btech me?Or strictness bpit or bvcoe kisme jada hai?,NEUTRAL,0.0
YouTube,https://www.youtube.com/watch?v=Ho4GFLsRyY4,vips tc b tech video fast and date when will video will upload ???,NEUTRAL,0.0
YouTube,https://www.youtube.com/watch?v=Ho4GFLsRyY4,vips tc b tech video fast  and please tell date when will video upload,POSITIVE,0.3182
YouTube,https://www.youtube.com/watch?v=Ho4GFLsRyY4,vips tc b tech video fast,NEUTRAL,0.0
YouTube,https://www.youtube.com/watch?v=GF7RV4YSECk,Bhaiya Boys Hostel hai kya??,NEUTRAL,0.0
YouTube,https://www.youtube.com/watch?v=GF7RV4YSECk,Bhaiya admission k liye any exam dena parega kya?,NEUTRAL,0.0
YouTube,https://www.youtube.com/watch?v=TbR-jRi3j4I,Good review.......,POSITIVE,0.4404
YouTube,https://www.youtube.com/watch?v=WQO8sAUbEN8,Bhaiya btech cs me koi chance h bpit m board m 89 h 2.3 lakh rank h,POSITIVE,0.25
YouTube,https://www.youtube.com/watch?v=WQO8sAUbEN8,Bhai 66% hai ab jee kahaa se du😢,NEGATIVE,-0.4767
YouTube,https://www.youtube.com/watch?v=WQO8sAUbEN8,Kaise contact karein,NEUTRAL,0.0
YouTube,https://www.youtube.com/watch?v=WQO8sAUbEN8,Phn to koi pick nahin karta,NEUTRAL,0.0
YouTube,https://www.youtube.com/watch?v=WQO8sAUbEN8,75.9 pe kaha cse melega,NEUTRAL,0.0
YouTube,https://www.youtube.com/watch?v=WQO8sAUbEN8,60 percentile par cse milega kya,NEUTRAL,0.0
YouTube,https://www.youtube.com/watch?v=M4XY0dnB5qc,"Class 12th 90.8% Outside Delhi 
Bhaiya IPU mai Management Quota ke thru BTech admission horahe hai 12th ke basis pe
Kya seat milge without donation? CS/IT",NEUTRAL,0.0
YouTube,https://www.youtube.com/watch?v=M4XY0dnB5qc,"169200*4=676,800
Sir, itni jyada fees bda di hai inhone
I got it in bpit",NEUTRAL,0.0
YouTube,https://www.youtube.com/watch?v=M4XY0dnB5qc,"Fee Latest mtlb Max 1,25000 Maan skte h",NEUTRAL,0.0
YouTube,https://www.youtube.com/watch?v=M4XY0dnB5qc,Bpit it kaisi hai,NEUTRAL,0.0
YouTube,https://www.youtube.com/watch?v=M4XY0dnB5qc,BPIT IT vs JIIT Noida ECE ???,NEUTRAL,0.0
YouTube,https://www.youtube.com/watch?v=M4XY0dnB5qc,BPIT ECE kaisi hai?,NEUTRAL,0.0
YouTube,https://www.youtube.com/watch?v=M4XY0dnB5qc,nit jalandhar mech or bpit it,NEUTRAL,0.0
YouTube,https://www.youtube.com/watch?v=M4XY0dnB5qc,Sir bvcoe it lu ya phir bpit cs ?,NEUTRAL,0.0
YouTube,https://www.youtube.com/watch?v=M4XY0dnB5qc,Sharda University (9 lakh) Vs JIMS Noida (50-60K) ??? For 4 years btech. I'm from Delhi.,NEUTRAL,0.0
YouTube,https://www.youtube.com/watch?v=M4XY0dnB5qc,Bhiya counselling ke thru jane pr private colleges m kch scholarship milti h kya hand to hand??,POSITIVE,0.7757
YouTube,https://www.youtube.com/watch?v=M4XY0dnB5qc,"Sir, please make a college review video of Hindustan College of Science and Technology Mathura",POSITIVE,0.3182
YouTube,https://www.youtube.com/watch?v=M4XY0dnB5qc,"Sir meri rank 3,17,426 he 
I'm from Delhi region 
Mujhe konsa college milega 
Location kahi bhi ho chlega  
Aur aapne likha tha VIPS mil sakta he toh VIPS me Cs mil jayegi ??",NEUTRAL,0.0
YouTube,https://www.youtube.com/watch?v=M4XY0dnB5qc,sir my jee rank is 2.8 lakh i am from bihar i want cs or it which college i prefer in delhi ncr,POSITIVE,0.0772
YouTube,https://www.youtube.com/watch?v=M4XY0dnB5qc,Bpit or psit which will be better,POSITIVE,0.4404
YouTube,https://www.youtube.com/watch?v=M4XY0dnB5qc,"Sir meri rank 3,17,426 he toh mujhe konsa college milega...aur mere liye konsa best rahega. Please tell 🙏🏼",POSITIVE,0.7579
YouTube,https://www.youtube.com/watch?v=M4XY0dnB5qc,Bpit ece mil rahi hai,NEUTRAL,0.0
YouTube,https://www.youtube.com/watch?v=FXPnPYo04a8,88.35 percentile pr cse mil jaye ga bpit mai,NEUTRAL,0.0
YouTube,https://www.youtube.com/watch?v=FXPnPYo04a8,Bhai ka suruaat wala dilog badhiya hai aram se hostel life discuss kar rahe honge,NEUTRAL,0.0
YouTube,https://www.youtube.com/watch?v=FXPnPYo04a8,Bhai without jee mains ki rank ke bina Mtlb donation se admission hate hai kya plz reply,NEGATIVE,-0.5267
YouTube,https://www.youtube.com/watch?v=DhsqPxPDrJU,Bhaiya sab bolte h internal marks nhi dete hain isme.. Baat Sahi h kya???,NEUTRAL,0.0
YouTube,https://www.youtube.com/watch?v=DhsqPxPDrJU,"Bhai 133k rank par ,bpit me cse leni chaiye ya bvcoe ki , mujhe thoda chill mahol chaiye plz tell , iss rank par mujhe mait me itmil jayegi spot round tk ?????",POSITIVE,0.3094
YouTube,https://www.youtube.com/watch?v=DhsqPxPDrJU,Bhai bina jee ke batao koi college,NEUTRAL,0.0
YouTube,https://www.youtube.com/watch?v=DhsqPxPDrJU,mat lena internal marks bhot kam dete hain aur placements ki reality kuch aur hai,NEUTRAL,0.0
YouTube,https://www.youtube.com/watch?v=DhsqPxPDrJU,"bhai admission ke time pe 96,000 jama karne hai ya 1 lakh 70 hazaar please batado gharwale bhaut confuse hai...",POSITIVE,0.1027
YouTube,https://www.youtube.com/watch?v=DhsqPxPDrJU,Cutoff please 🥺🙏,POSITIVE,0.3182
YouTube,https://www.youtube.com/watch?v=l3iwTs51wF0,Ayush Bhai for Direct admission,NEUTRAL,0.0
YouTube,https://www.youtube.com/watch?v=l3iwTs51wF0,Which is best gl bajaj or bpit for cse,POSITIVE,0.7579
YouTube,https://www.youtube.com/watch?v=l3iwTs51wF0,Bhai pls  ab aap sach boldo ji 🥲🥲🥲,POSITIVE,0.0772
YouTube,https://www.youtube.com/watch?v=l3iwTs51wF0,Management quota sa kaisa admission hoga,NEUTRAL,0.0
YouTube,https://www.youtube.com/watch?v=l3iwTs51wF0,Bhai college kab se start hota hh BPIT,NEUTRAL,0.0
YouTube,https://www.youtube.com/watch?v=l3iwTs51wF0,Bhai college kab se start jota hh,NEUTRAL,0.0
YouTube,https://www.youtube.com/watch?v=l3iwTs51wF0,Bro branch upgradation ka kya procedure hai ?,NEUTRAL,0.0
YouTube,https://www.youtube.com/watch?v=l3iwTs51wF0,Bro kal mere ko bhi isi mai seat allot Hui hai,NEUTRAL,0.0
YouTube,https://www.youtube.com/watch?v=l3iwTs51wF0,Is it located in the outer side of delhi??,NEUTRAL,0.0
YouTube,https://www.youtube.com/watch?v=l3iwTs51wF0,Bhaiya fee jyada nhi bata di aapne,NEUTRAL,0.0
YouTube,https://www.youtube.com/watch?v=l3iwTs51wF0,It in bpit or ece in mait?,NEUTRAL,0.0
YouTube,https://www.youtube.com/watch?v=l3iwTs51wF0,Bhaiya muzhe MAIT main cse mil rhi hai aur HBTU kanpur main bhi cse mil rhi hai main up se hu agra se to bhaiya please batado konsa college shi rahega mere kiye ya fr ek video banado comparison main in dono ki aur ek aur chij batana ki scholarship ke kaha chances rahenge muzhe jyada kyuki meri annual income less than 1 lakh hai to bhaiya please batado ❤❤❤❤❤❤❤❤❤❤❤❤,POSITIVE,0.9957
YouTube,https://www.youtube.com/watch?v=l3iwTs51wF0,Councelling forms kb ayge???,NEUTRAL,0.0
YouTube,https://www.youtube.com/watch?v=l3iwTs51wF0,Sliding round m kitni cut off jygi??,NEGATIVE,-0.3527
YouTube,https://www.youtube.com/watch?v=l3iwTs51wF0,Sliding ki kitni cutoff h?,NEUTRAL,0.0
YouTube,https://www.youtube.com/watch?v=l3iwTs51wF0,"Bhaiya meri rank 113095 h (Delhi quota), general
Kya merko cse/it milegi kisi ache ipu college me kisi bhi round me😢😢😢😢",NEGATIVE,-0.9325
YouTube,https://www.youtube.com/watch?v=l3iwTs51wF0,"Bhaiya meri rank 129k hai general Delhi se

Mujhe kis college me admission Lena chahiye?",NEUTRAL,0.0
YouTube,https://www.youtube.com/watch?v=l3iwTs51wF0,Shaiya mein bhaiya ap gunda ho 😂,POSITIVE,0.4404
YouTube,https://www.youtube.com/watch?v=l3iwTs51wF0,"Bhaiya suggest mein best college for this please 
State: bihar
Category: obc ncl
Percentile: 90.6
Crl: 1,06,321
Obc rank: 33086",POSITIVE,0.7798
YouTube,https://www.youtube.com/watch?v=l3iwTs51wF0,Bhaiya Bpit cs/it vs Mait eee???,NEUTRAL,0.0
YouTube,https://www.youtube.com/watch?v=l3iwTs51wF0,Pls reply bhaiya,POSITIVE,0.0772
Reddit,https://www.reddit.com/r/IPUniversity/comments/1rmyn22/bpit_worst_clg/,"BPIT worst clg Bhai mat ana sabse bekar clg h
Campus vaise hi chhota h bhadwo n aur chota kr diya construction k liye
Classes m ac nai h inpe existing cheeze to acchi hoti nai h nayi banne chale h 
Attendance teacher chill nai h itni aur dean  marks kat leta h sala
Aur ye jo maths ki hod h anurima ye sabse jydada bkl h 
Na campus accha h aur rhi bat placement ki vo to lagbhag sare ipu ki ek jaisi h isse accha vips lelo 
Priority rakho
Mait msit bvcoe vips bpit",NEGATIVE,-0.6249
Reddit,https://www.reddit.com/r/IPUniversity/comments/1m9vtpj/bpit_placement_stats/,BPIT PLACEMENT STATS https://acrobat.adobe.com/id/urn:aaid:sc:AP:d818e5f1-da90-4535-b105-2737ca69f647,NEUTRAL,0.0
Reddit,https://www.reddit.com/r/IPUniversity/comments/1mky6r3/bpit_it_w_or_l/,BPIT IT W or L At 2.3 lakh rank hs general is bpit it worth it?,POSITIVE,0.6841
Reddit,https://www.reddit.com/r/IPUniversity/comments/1m9xn9d/is_bpit_good_for_ece/,Is bpit good for ece,POSITIVE,0.4404
Reddit,https://www.reddit.com/r/IPUniversity/comments/1e78zxa/is_bpit_placement_data_wrong/,Is bpit placement data wrong?  Should i prefer this college. I am getting cse here,NEGATIVE,-0.4767
Reddit,https://www.reddit.com/r/IPUniversity/comments/1me6pyl/who_are_coming_to_bpit_on_4th_of_august/,"Who are coming to BPIT on 4th of August Hello my fellows I am very excited to go to college and hope that you all will also be, also Mention in the comments which branches you all got and let's meet at 8:50 at the gate on 4th August",POSITIVE,0.6801
Reddit,https://www.reddit.com/r/IPUniversity/comments/1pqhj4w/ye_msit_ke_toilets_are_terrible_im_from_bpit_aur/,"ye MSIT ke toilets are TERRIBLE. im from bpit aur yaha centre mila hai. yaha na toh health phoset hai na bidet, and the washroom looks as if no ones been there for a century. koi bacha jaata bhi hai kya?",NEGATIVE,-0.7213
Reddit,https://www.reddit.com/r/IPUniversity/comments/1jxmk1t/bvcoebpit_cse_or_it/,Bvcoe/BPIT (CSE or IT) Is it possible to get IT or Cse in BVCOE OR BPIT at around 3 lakh-3.5 lakh round in the spot rounds? 😭,NEGATIVE,-0.4767
Reddit,https://www.reddit.com/r/IPUniversity/comments/1k4fmr9/guys_make_this_clear_n_crystal_for_your/,Guys make this clear n crystal for your councelling preference.(Tech Branch only) Usict&gt;mait&gt;msit&gt;usar&gt;bpit&gt;bvcoe&gt;Vips&gt;gtbit&gt;adgips.,POSITIVE,0.4588
Reddit,https://www.reddit.com/r/IPUniversity/comments/1m4e3ob/vipsadgipsgtbit_cse_vs_bvcoebpit_ece/,VIPS/ADGIPS/GTBIT CSE vs BVCOE/BPIT ECE ???? Pls btado koi,POSITIVE,0.3094
Reddit,https://www.reddit.com/r/IPUniversity/comments/1mf1ate/bpit_it_gtbit_cse_gtbit_cse_ai_gtbit_it_gtbit_cse/,"BPIT IT, GTBIT CSE, GTBIT CSE AI, GTBIT IT, GTBIT CSE DS ko rank kardo for spot choice filling....",NEUTRAL,0.0
Reddit,https://www.reddit.com/r/IPUniversity/comments/1kujyiq/gtbit_cse_or_bpit_ece_or_bvcoe_ece_or_mait_eee/,"Gtbit cse or BPIT ece or BVCOE ece or MAIT eee. Vv confused. Which one would be better?
(Ghar ke sbse paas is bpit then mait.)",POSITIVE,0.1531
Reddit,https://www.reddit.com/r/IPUniversity/comments/1lucjj7/how_much_ive_to_pay_for_management_quote_to_get/,How much I've to pay for management quote to get admission in BPIT OR MSIT? For btech in CSE,NEGATIVE,-0.1027
Reddit,https://www.reddit.com/r/IPUniversity/comments/1pmz87p/bpit_me_phone_leke_ja_sakte_hai_chori_to_nhi_hoga/,BPIT me Phone leke ja sakte hai. Chori to nhi hoga? Jaldi bta do please For Endsem Exam,POSITIVE,0.3182
Reddit,https://www.reddit.com/r/IPUniversity/comments/1pmn3ex/bpit/,"Bpit How to reach bpit? 
I know that for there I hv to first reach rithala then ?",POSITIVE,0.1431
Reddit,https://www.reddit.com/r/IPUniversity/comments/1lf86x2/drop_leke_bhi_bpit_mein_cse_milegaa/,Drop leke bhi bpit mein cse milegaa🙂‍↔️😂😂😂🤣🤣 Koi btaa do placements kesi hongii🙂‍↔️🙂‍↔️🙂‍↔️😌,POSITIVE,0.9762
Reddit,https://www.reddit.com/r/IPUniversity/comments/1mfrhic/very_genuinely_batado_25_lakh_rank_mein_spot_1/,Very genuinely batado 2.5 lakh rank mein spot 1 aur 2 mein kya mil sakta hai at GTBIT BVCOE and BPIT (outside delhi general),NEUTRAL,0.0
Reddit,https://www.reddit.com/r/IPUniversity/comments/1mcyyi9/bpit_fees/,BPIT FEES Do we have to pay rest of the fees through bpit india website?,NEGATIVE,-0.1027
Reddit,https://www.reddit.com/r/IPUniversity/comments/1r8f2nt/bpit_sports_meet/,"Bpit Sports meet bpit ka sports meet ha 23 sa start ha 27 tak toh us ka bich me normal class previous jasa University ka sport meet tah hasa cancelled hogi ya nahi 

 confirm or deny?!?!?!!!",POSITIVE,0.4781
Reddit,https://www.reddit.com/r/IPUniversity/comments/1m9s0ev/bpit/,BPIT Kisi ko BPIT mai 2 lac ke Around it mili hai??,NEUTRAL,0.0
Reddit,https://www.reddit.com/r/IPUniversity/comments/1ecs82s/bpit_freshers_assemble/,BPIT Freshers assemble!! Bhai stream comment krdo jo bhi BPIT ja rha hai and he/she is sure. Jaan pehchaan banaate hai thodi.,POSITIVE,0.4374
Reddit,https://www.reddit.com/r/IPUniversity/comments/1m33sns/bpit_cse_or_jaypee_noida_cse/,BPIT CSE OR JAYPEE NOIDA CSE Please guide me,POSITIVE,0.3182
Reddit,https://www.reddit.com/r/IPUniversity/comments/1m4fo8j/bpit_cse_or_mait_it/,"BPIT CSE or MAIT IT I got bpit cse in first round (and second too) , now i have option 
Maybe i can get mait it in third round
Should i prefer college over branch?",NEUTRAL,0.0
Reddit,https://www.reddit.com/r/IPUniversity/comments/1m9qsps/these_are_document_list_for_gtb_4_centenary_and/,These are document list for GTB 4 Centenary and BPIT. BPIT- https://acrobat.adobe.com/id/urn:aaid:sc:AP:406d8ddd-97d0-4bc7-9dd7-961dbfd8c8ef,NEUTRAL,0.0
Reddit,https://www.reddit.com/r/IPUniversity/comments/1mekd4x/gtbit_aur_bpit_ke_andar_attendance_ka_kya_scene/,GTBIT AUR BPIT KE ANDAR ATTENDANCE KA KYA SCENE HAI?? AUR KIRNE GHANTE CLASS HOTI HAI PER DAY...??,NEUTRAL,0.0
Reddit,https://www.reddit.com/r/IPUniversity/comments/1lc3w50/bpit_vs_bvp_pune_cse_in_both/,"BPIT vs BVP pune (cse in both) Boht zyada cofusion hai  samajh nhi ara what to choose.
BPIT ki cse average 2 lacs zyada hai but college life suffer kregi 
Pls help in decision making. 
I don't want placements or college life to suffer.",NEGATIVE,-0.7804
Reddit,https://www.reddit.com/r/IPUniversity/comments/1md2p42/bpit_eee_wala_h_koi/,BPIT EEE WALA H KOI?,NEUTRAL,0.0
Reddit,https://www.reddit.com/r/IPUniversity/comments/1miihb2/kiet_autonomous_aktu_cse_vs_bpit_ipu/,"KIET {autonomous, AKTU} cse vs BPIT {IPU} Please tell with reasons",POSITIVE,0.3182
Reddit,https://www.reddit.com/r/IPUniversity/comments/1l0u66u/bhyi_sab_log_dhyan_se_suno_ipu_me_12_se_13_lakh/,Bhyi sab log dhyan se suno ipu me 12 se 13 lakh lgane ece ya eee me college like bpit bvcoe msit me ek outside delhi walle ko ( syd scholarship bhi nhi h ) shi rhega benefit h,POSITIVE,0.6705
Reddit,https://www.reddit.com/r/IPUniversity/comments/1mpawia/seat_vacancy_cse_in_bvcoe_bpit/,Seat vacancy CSE in BVCOE BPIT Bhai kisi ko idea hai spot 2 ke liye seats hai ki bhi nhi bvcoe bpit cse/it me,NEUTRAL,0.0
Reddit,https://www.reddit.com/r/IPUniversity/comments/1mgcwli/bhai_meri_8_rank_h_mera_ko_koi_bpit_vips_mil/,"Bhai Meri 8 rank h mera ko koi Bpit vips mil sakta hai IT, ECE",NEUTRAL,0.0
Reddit,https://www.reddit.com/r/IPUniversity/comments/1ki7142/on_yt_video_they_say_maitmsitbpit_when_search_for/,on yt video they say MAIT&gt;MSIT&gt;BPIT when search for placement on internet it is BPIT&gt;MSIT&gt;MAIT what is truth? some senior explain! i am outside delhi general male 78K rank ! if any suggestion then please give!!!,POSITIVE,0.6973
Reddit,https://www.reddit.com/r/IPUniversity/comments/1mc6pkh/do_i_have_any_chance_to_get_into_bvcoebpit_it/,Do I have any chance to get into bvcoe/bpit IT branch through management quota? I have got 83% aggregate in class 12. I already have a seat in GTB4cec through my jee rank which is very poor.,NEGATIVE,-0.3384
Reddit,https://www.reddit.com/r/IPUniversity/comments/1k65qua/bvcoebpit_ece_vs_adgitm_cse/,BVCOE/BPIT ECE V/S ADGITM CSE Asking for a friend (crl:- 2lakh HS:- DELHI ) very less chances that he will get IT in any of those,POSITIVE,0.6105
Reddit,https://www.reddit.com/r/IPUniversity/comments/1n44z81/kiet_ece_vs_bpitbvoce_ece/,KIET ECE VS BPIT/BVOCE ECE ? HELP,POSITIVE,0.5319
Reddit,https://www.reddit.com/r/IPUniversity/comments/1p8qz4j/how_to_reach_bpit/,How to reach BPIT ? For Endsem exam,NEUTRAL,0.0258
Reddit,https://www.reddit.com/r/IPUniversity/comments/1m4wphl/does_amazon_visit_bvcoe_for_on_campus_hiring_like/,Does amazon visit bvcoe for on campus hiring? Like it does visit bpit afaik,POSITIVE,0.4939
Reddit,https://www.reddit.com/r/IPUniversity/comments/1mub96b/result_agaya_i_got_bpit/,Result agaya I got bpit,NEUTRAL,0.0
Reddit,https://www.reddit.com/r/IPUniversity/comments/1p8yjx2/bpit/,Bpit How to reach from rithala metro station,NEUTRAL,0.0258
Reddit,https://www.reddit.com/r/IPUniversity/comments/1pa9wf9/is_there_parking_inside_bpit_for_bike_during_exam/,Is there parking inside bpit for bike during exam hours?,NEUTRAL,0.0
Reddit,https://www.reddit.com/r/IPUniversity/comments/1p9ewb6/bpit_kese_jana/,Bpit kese jana? Same,NEUTRAL,0.0
Reddit,https://www.reddit.com/r/IPUniversity/comments/1p8rehx/bpit_nearest_metrocan_i_park_my_bike_inside/,Bpit nearest metro?Can I park my bike inside college during exam??,NEUTRAL,0.0
Reddit,https://www.reddit.com/r/IPUniversity/comments/1kv6eqj/bpit_bvcoe_and_vips_students/,"BPIT, BVCOE and VIPS students- mostly interested in negatives cuz positives toh tier 3 college mai kya hi honge

Assignments wagera bohot zyada milte hai kya?

how's the overall strictness?

do you get time to have fun + self study or internships?

I can get admission in VIPS CSE and ECE in the other two, so I'd like to know your thoughts

  
I'll most likely try to crack off campus placements and internships toh uss hisaab se chahiye",POSITIVE,0.9139
Reddit,https://www.reddit.com/r/IPUniversity/comments/1m9piyx/would_u_rather_prefer_bpit_cse_or_mait_it/,Would u rather prefer bpit cse or mait IT??,NEUTRAL,0.0
Reddit,https://www.reddit.com/r/IPUniversity/comments/1ktl9f9/adgitm_cse_or_bpit_it/,Adgitm Cse or Bpit IT ??,NEUTRAL,0.0
Reddit,https://www.reddit.com/r/IPUniversity/comments/1kc0pos/bpit_ece_placement_and_all_reviews_up_domicile/,Bpit ece ? Placement and all reviews? UP domicile,NEUTRAL,0.0
Reddit,https://www.reddit.com/r/IPUniversity/comments/1m4so3p/bpit_management_quota/,"BPIT Management quota 84.3 percent hai 12th me no jee, BPIT me hojayega kya?? Option me waha cuet ke marks likhne ka option hai jee ke alawa.

btado please taaki mai bhardu fees ya dronacharya me lelu?? gurgaon btado kuch.

ipu ke kisi bhi clg me hoga mera admission",POSITIVE,0.264
Reddit,https://www.reddit.com/r/IPUniversity/comments/1lz1naq/usaraimlaids_bvcoecse_bpitcse/,"Usar(aiml/aids), bvcoe(cse), bpit(cse) Guys please tell me which is best?",POSITIVE,0.7579
Reddit,https://www.reddit.com/r/IPUniversity/comments/1mdhk3c/bpit_it_kitne_tak_gayi_sliding_mein/,BPIT IT KITNE TAK GAYI SLIDING MEIN.?,NEUTRAL,0.0
Reddit,https://www.reddit.com/r/IPUniversity/comments/1mczbak/mujhe_bpit_cse_ds_mila_tha_toh_fir_maine_kuch/,Mujhe bpit cse ds mila tha toh fir maine kuch react Kiya nhi tha(was waiting for mhtcet) ab aaj waps login krke dekh rha hu toh no seat alloted dikha rha h why?? Ab next allotment ya spot kab hai?,NEGATIVE,-0.4098
Shiksha,https://www.shiksha.com/college/bhagwan-parshuram-institute-of-technology-rohini-delhi-49447/reviews,"Search Colleges, Courses, Exams, QnA, & ArticlesSearch",NEUTRAL,0.0
Shiksha,https://www.shiksha.com/college/bhagwan-parshuram-institute-of-technology-rohini-delhi-49447/reviews,"BPIT Delhi Reviews on Placements, Faculty & Facilities",NEUTRAL,0.0
Shiksha,https://www.shiksha.com/college/bhagwan-parshuram-institute-of-technology-rohini-delhi-49447/reviews,3Placements4Infrastructure3Faculty3Crowd & Campus Life4Value for Money,NEUTRAL,0.0
Shiksha,https://www.shiksha.com/college/bhagwan-parshuram-institute-of-technology-rohini-delhi-49447/reviews,"Good location, supportive faculty but infrastructure needs improvement.",POSITIVE,0.7615
Shiksha,https://www.shiksha.com/college/bhagwan-parshuram-institute-of-technology-rohini-delhi-49447/reviews,"Placements:** Placements for the B.Tech IT course at BPIT are average but consistent. Around 70 percent of students from the IT batch get placed every year through on campus drives. The highest on campus package has gone up to 27 LPA, offered by Justpay. While the average package ranges between 4 LPA and 5 LPA. The lowest package is around 3 LPA, mostly offered by service based companies. Some good companies also recruit students off campus, including product based firms, for students who prepare well on their own. Internship opportunities are available, but most students need to apply independently. Common roles offered include Software Developer, Associate Engineer and data analyst etc.",POSITIVE,0.7579
Shiksha,https://www.shiksha.com/college/bhagwan-parshuram-institute-of-technology-rohini-delhi-49447/reviews,"Infrastructure:** The overall infrastructure of BPIT is average. The campus size is small, but cleanliness is well maintained. Classrooms in older buildings do not have air conditioning, although the new buildings are equipped with ACs. The library has the best facility in the college. It is well equipped, air conditioned and open till 5:00 PM for all students. Wi-Fi is provided free of cost but the connectivity is quite poor and unreliable. Labs are functional but basic. There is no boys hostel in the college. Sports facilities are limited and need improvement. Medical and canteen facilities are basic but sufficient for daily needs.",POSITIVE,0.8959
Shiksha,https://www.shiksha.com/college/bhagwan-parshuram-institute-of-technology-rohini-delhi-49447/reviews,"Faculty:** Faculty members at BPIT are well qualified and knowledgeable. Most teachers are supportive, especially if students are attentive in class and perform well academically. Teaching quality is good for students who actively participate and pay attention. The curriculum is relevant and similar to other engineering colleges but students need to work on additional skills to become industry ready. Semester exams are moderate in difficulty and the pass percentage is 40 percent. Overall, academics are manageable and structured.",POSITIVE,0.6577
Shiksha,https://www.shiksha.com/college/bhagwan-parshuram-institute-of-technology-rohini-delhi-49447/reviews,"Other:** The student crowd at BPIT is mixed and the overall experience depends a lot on the peer group one chooses. Technical clubs are active, while non technical clubs are comparatively less active. Events are organized regularly and students participate in the university level fest Anugoonj. The location might be a advantage because its situated in a prime area of Rohini making daily communication easy. Areas that need improvement include Wi-Fi connectivity, sports facilities and classroom infrastructure. Overall, BPIT is a reasonable choice for students who are willing to put in extra effort beyond academics.",POSITIVE,0.9002
Shiksha,https://www.shiksha.com/college/bhagwan-parshuram-institute-of-technology-rohini-delhi-49447/reviews,3Placements3Infrastructure3Faculty4Crowd & Campus Life3Value for Money,NEUTRAL,0.0
Shiksha,https://www.shiksha.com/college/bhagwan-parshuram-institute-of-technology-rohini-delhi-49447/reviews,"Infrastructure and facilities are good, but Wi-Fi does not work.",POSITIVE,0.2382
Shiksha,https://www.shiksha.com/college/bhagwan-parshuram-institute-of-technology-rohini-delhi-49447/reviews,"Placements:** The final percentage for the 2025 batch is still being consolidated. The IT branch has seen 258 offers made so far. For context, the placement rate for the IT branch in the previous verified session (2024) was approximately 67 percent. Given the high number of offers this year, the percentage is expected to be similar or higher. Dream Companies: Microsoft, Google, Amazon (offered 46.38 LPA), Juspay (21 LPA-27 LPA). Major recruiters like ZS Associate (hires significantly with packages 12 LPA-13 LPA), ION Group, Josh Technology, and FNZ Group. Mass recruiters are TCS, Infosys, Accenture, and Cognizant.",POSITIVE,0.6983
Shiksha,https://www.shiksha.com/college/bhagwan-parshuram-institute-of-technology-rohini-delhi-49447/reviews,"Infrastructure:** The facilities and infrastructure are good, and the library also has AC, but the classrooms do not have AC, and the hostel is only for girls, and there is only one canteen, and medical facilities are available. Wi-Fi is available, but the speed is not good. Labs are good.",POSITIVE,0.4001
Shiksha,https://www.shiksha.com/college/bhagwan-parshuram-institute-of-technology-rohini-delhi-49447/reviews,"Faculty:** IPU semester exams are moderate, and you will qualify easily. Teachers are experienced, and you can get books from the college itself. The pass percentage is good, most of them pass. You will be taught two units in a month. Yoga is taught very quickly, and you will be given assignments from time to time. If there are four units, then you will get assignments depending on your teachers.",POSITIVE,0.6486
Shiksha,https://www.shiksha.com/college/bhagwan-parshuram-institute-of-technology-rohini-delhi-49447/reviews,"Other:** Events, fests, and campus crowds are good. The connectivity is also very good. Rithala metro is nearby, and you have good campus surroundings, also, you can go here and there.",POSITIVE,0.8399
Shiksha,https://www.shiksha.com/college/bhagwan-parshuram-institute-of-technology-rohini-delhi-49447/reviews,4Placements4Infrastructure4Faculty2Crowd & Campus Life4Value for Money,NEUTRAL,0.0
Collegedunia,https://collegedunia.com/college/13032-bhagwan-parshuram-institute-of-technology-bpit-new-delhi/reviews,"BPIT Reviews on Placements, Faculty and Facilities",NEUTRAL,0.0
Collegedunia,https://collegedunia.com/college/13032-bhagwan-parshuram-institute-of-technology-bpit-new-delhi/reviews,Will You Get InGet Contact Details,NEUTRAL,0.0
Collegedunia,https://collegedunia.com/college/13032-bhagwan-parshuram-institute-of-technology-bpit-new-delhi/reviews,Their teachings are good overall and good communication skills with students providing best quality of education.,POSITIVE,0.875
Collegedunia,https://collegedunia.com/college/13032-bhagwan-parshuram-institute-of-technology-bpit-new-delhi/reviews,It is easy to gain scholarship if you have low income certificate.,POSITIVE,0.6369
Collegedunia,https://collegedunia.com/college/13032-bhagwan-parshuram-institute-of-technology-bpit-new-delhi/reviews,Bhagwan parshuram institute of technology formerly affiliated to guru gobind singh indrprasth university dwarka.this collage is best for campus placement .right now i'm in final year and the t&p department work hard to provides placements to students,POSITIVE,0.5859
Collegedunia,https://collegedunia.com/college/13032-bhagwan-parshuram-institute-of-technology-bpit-new-delhi/reviews,Campus size is only 5 acres so that is a negative for the college.,NEGATIVE,-0.5719
Collegedunia,https://collegedunia.com/college/13032-bhagwan-parshuram-institute-of-technology-bpit-new-delhi/reviews,Infrastructure is too small and not well used many places are empty which can be filled with something and there is no ac in classrooms,NEGATIVE,-0.5878
Collegedunia,https://collegedunia.com/college/13032-bhagwan-parshuram-institute-of-technology-bpit-new-delhi/reviews,Infrastructure is not so good and classroom are non ac,NEGATIVE,-0.464
Collegedunia,https://collegedunia.com/college/13032-bhagwan-parshuram-institute-of-technology-bpit-new-delhi/reviews,These insights are automatically extracted from student reviews,NEUTRAL,0.0
Collegedunia,https://collegedunia.com/college/13032-bhagwan-parshuram-institute-of-technology-bpit-new-delhi/reviews,Why To Join BPIT - Reviews & Rating,POSITIVE,0.296
Collegedunia,https://collegedunia.com/college/13032-bhagwan-parshuram-institute-of-technology-bpit-new-delhi/reviews,& Win Monthly Prizes Up to ₹1 Lakh/-\,POSITIVE,0.7783
Collegedunia,https://collegedunia.com/college/13032-bhagwan-parshuram-institute-of-technology-bpit-new-delhi/reviews,Faculty (62)Internship (51)Good Placement (47)Semester (37)+11 More,NEUTRAL,0.0
Collegedunia,https://collegedunia.com/college/13032-bhagwan-parshuram-institute-of-technology-bpit-new-delhi/reviews,"Reviewed on Mar 1, 2026(Enrolled 2020)",NEUTRAL,0.0
Collegedunia,https://collegedunia.com/college/13032-bhagwan-parshuram-institute-of-technology-bpit-new-delhi/reviews,Infrastructure was very good .,POSITIVE,0.4927
Collegedunia,https://collegedunia.com/college/13032-bhagwan-parshuram-institute-of-technology-bpit-new-delhi/reviews,Had a sports faculty for each and every sport,NEUTRAL,0.0
Collegedunia,https://collegedunia.com/college/13032-bhagwan-parshuram-institute-of-technology-bpit-new-delhi/reviews,various events were also been organished by the college,NEUTRAL,0.0
Collegedunia,https://collegedunia.com/college/13032-bhagwan-parshuram-institute-of-technology-bpit-new-delhi/reviews,The faculty use to take time to resolve the stutdents issue,POSITIVE,0.3818
Collegedunia,https://collegedunia.com/college/13032-bhagwan-parshuram-institute-of-technology-bpit-new-delhi/reviews,sports equipment were not provided most of the time,NEUTRAL,0.0
Collegedunia,https://collegedunia.com/college/13032-bhagwan-parshuram-institute-of-technology-bpit-new-delhi/reviews,from 6th sem students were eligible for camous placement,NEUTRAL,0.0
Collegedunia,https://collegedunia.com/college/13032-bhagwan-parshuram-institute-of-technology-bpit-new-delhi/reviews,"there were many companies like accenture,CG infinity ,justjelly,..etc",POSITIVE,0.3612
Collegedunia,https://collegedunia.com/college/13032-bhagwan-parshuram-institute-of-technology-bpit-new-delhi/reviews,Highest package was of 30lpa and average package is of 4 lpa,NEUTRAL,0.0
Collegedunia,https://collegedunia.com/college/13032-bhagwan-parshuram-institute-of-technology-bpit-new-delhi/reviews,50 perecent student were placed,NEUTRAL,0.0
Collegedunia,https://collegedunia.com/college/13032-bhagwan-parshuram-institute-of-technology-bpit-new-delhi/reviews,my plans are for further studies,NEUTRAL,0.0
Collegedunia,https://collegedunia.com/college/13032-bhagwan-parshuram-institute-of-technology-bpit-new-delhi/reviews,"Reviewed on Mar 1, 2025(Enrolled 2024)",NEUTRAL,0.0
Collegedunia,https://collegedunia.com/college/13032-bhagwan-parshuram-institute-of-technology-bpit-new-delhi/reviews,Things i liked is our playground which is big enough for us aswe can play so many games,POSITIVE,0.6369
Collegedunia,https://collegedunia.com/college/13032-bhagwan-parshuram-institute-of-technology-bpit-new-delhi/reviews,Our basket ball court is very beautiful and asthetic,POSITIVE,0.6361
Collegedunia,https://collegedunia.com/college/13032-bhagwan-parshuram-institute-of-technology-bpit-new-delhi/reviews,And we also have an indoor badminton court type area,NEUTRAL,0.0
Collegedunia,https://collegedunia.com/college/13032-bhagwan-parshuram-institute-of-technology-bpit-new-delhi/reviews,Things i disliked is the crowd of college is not much good as i expected to be,NEGATIVE,-0.6256
Collegedunia,https://collegedunia.com/college/13032-bhagwan-parshuram-institute-of-technology-bpit-new-delhi/reviews,Our class has no ac facilities during summer season,NEGATIVE,-0.296
Collegedunia,https://collegedunia.com/college/13032-bhagwan-parshuram-institute-of-technology-bpit-new-delhi/reviews,Our canteen area is so unhygienic but it is ok,POSITIVE,0.4215
Collegedunia,https://collegedunia.com/college/13032-bhagwan-parshuram-institute-of-technology-bpit-new-delhi/reviews,In third year students become eligible for placements there are so many companies visited in our college and they made a good amount of offers to the students,POSITIVE,0.4404
Collegedunia,https://collegedunia.com/college/13032-bhagwan-parshuram-institute-of-technology-bpit-new-delhi/reviews,Highest package is 12lpa and avergae is 3-4 lpa,NEUTRAL,0.0
Collegedunia,https://collegedunia.com/college/13032-bhagwan-parshuram-institute-of-technology-bpit-new-delhi/reviews,My plans is to do post graduation,NEUTRAL,0.0
Collegedunia,https://collegedunia.com/college/13032-bhagwan-parshuram-institute-of-technology-bpit-new-delhi/reviews,"Reviewed on Jan 26, 2025(Enrolled 2024)",NEUTRAL,0.0
Collegedunia,https://collegedunia.com/college/13032-bhagwan-parshuram-institute-of-technology-bpit-new-delhi/reviews,"I like the staff and teaching as they are friendly with the students, we got good internals too",POSITIVE,0.8225
Collegedunia,https://collegedunia.com/college/13032-bhagwan-parshuram-institute-of-technology-bpit-new-delhi/reviews,I like actives like events and fests organised here,POSITIVE,0.7269
Collegedunia,https://collegedunia.com/college/13032-bhagwan-parshuram-institute-of-technology-bpit-new-delhi/reviews,Playground including basketball court and cricket ground,NEUTRAL,0.0
Collegedunia,https://collegedunia.com/college/13032-bhagwan-parshuram-institute-of-technology-bpit-new-delhi/reviews,Placements were not that good and most are off campus,NEGATIVE,-0.3412
Collegedunia,https://collegedunia.com/college/13032-bhagwan-parshuram-institute-of-technology-bpit-new-delhi/reviews,Curriculum is very strict and many classes per week.,NEUTRAL,0.0
Collegedunia,https://collegedunia.com/college/13032-bhagwan-parshuram-institute-of-technology-bpit-new-delhi/reviews,"Infrastructure is not that good , we don't have auditorium.",NEGATIVE,-0.3412
Collegedunia,https://collegedunia.com/college/13032-bhagwan-parshuram-institute-of-technology-bpit-new-delhi/reviews,"Reviewed on Jan 21, 2025(Enrolled 2024)",NEUTRAL,0.0
Collegedunia,https://collegedunia.com/college/13032-bhagwan-parshuram-institute-of-technology-bpit-new-delhi/reviews,The faculty is good they dont nag much about things.,POSITIVE,0.6136
Collegedunia,https://collegedunia.com/college/13032-bhagwan-parshuram-institute-of-technology-bpit-new-delhi/reviews,Some professors are very keen in passing down knowledge.,POSITIVE,0.4201
Collegedunia,https://collegedunia.com/college/13032-bhagwan-parshuram-institute-of-technology-bpit-new-delhi/reviews,The attendance policy is not as strict as msit or bvcoe which is good.,POSITIVE,0.4404
Collegedunia,https://collegedunia.com/college/13032-bhagwan-parshuram-institute-of-technology-bpit-new-delhi/reviews,The teachers dont go too hard while giving internals.,POSITIVE,0.4011
Collegedunia,https://collegedunia.com/college/13032-bhagwan-parshuram-institute-of-technology-bpit-new-delhi/reviews,The girl to boy ratio is very good tbh there are more girls then you would expect from an engineering college,POSITIVE,0.4927
Collegedunia,https://collegedunia.com/college/13032-bhagwan-parshuram-institute-of-technology-bpit-new-delhi/reviews,Infrastructure is very bad its basically just one building.,NEGATIVE,-0.5849
Collegedunia,https://collegedunia.com/college/13032-bhagwan-parshuram-institute-of-technology-bpit-new-delhi/reviews,the canteen food is not that good its decent though,NEGATIVE,-0.3412
Collegedunia,https://collegedunia.com/college/13032-bhagwan-parshuram-institute-of-technology-bpit-new-delhi/reviews,there's no ac in classrooms in summers its very bad,NEGATIVE,-0.7178
Collegedunia,https://collegedunia.com/college/13032-bhagwan-parshuram-institute-of-technology-bpit-new-delhi/reviews,The placement at my college is pretty decent considering its a tier 3 clg at best no one comes with much hopes of on campus placement.,POSITIVE,0.8402
Collegedunia,https://collegedunia.com/college/13032-bhagwan-parshuram-institute-of-technology-bpit-new-delhi/reviews,But its still decent compared to other ipu private clgs.,NEUTRAL,0.0
Collegedunia,https://collegedunia.com/college/13032-bhagwan-parshuram-institute-of-technology-bpit-new-delhi/reviews,I am up skilling and trying to network in order to grab off campus offers,NEUTRAL,0.0
Collegedunia,https://collegedunia.com/college/13032-bhagwan-parshuram-institute-of-technology-bpit-new-delhi/reviews,"Reviewed on Jan 7, 2025(Enrolled 2023)",NEUTRAL,0.0
Collegedunia,https://collegedunia.com/college/13032-bhagwan-parshuram-institute-of-technology-bpit-new-delhi/reviews,the girls to boys ratio is good. it is around 1:2,POSITIVE,0.4404
Collegedunia,https://collegedunia.com/college/13032-bhagwan-parshuram-institute-of-technology-bpit-new-delhi/reviews,"the faculty is experienced, all graduated from good colleges",POSITIVE,0.4404
Collegedunia,https://collegedunia.com/college/13032-bhagwan-parshuram-institute-of-technology-bpit-new-delhi/reviews,the campus is too small. it is around 5 acres only,NEUTRAL,0.0
Collegedunia,https://collegedunia.com/college/13032-bhagwan-parshuram-institute-of-technology-bpit-new-delhi/reviews,the facilities provided are average. the building is irregular.,NEUTRAL,0.0
Collegedunia,https://collegedunia.com/college/13032-bhagwan-parshuram-institute-of-technology-bpit-new-delhi/reviews,placements are very good every year. highest package was 54 lakhs from zomato. average is 9 lpa. from 360 students in CS and IT more than 250 students were placed at a good package. my plans after getting the degree is to go for MBA,POSITIVE,0.7264
Collegedunia,https://collegedunia.com/college/13032-bhagwan-parshuram-institute-of-technology-bpit-new-delhi/reviews,"Reviewed on Jan 5, 2025(Enrolled 2022)",NEUTRAL,0.0
Collegedunia,https://collegedunia.com/college/13032-bhagwan-parshuram-institute-of-technology-bpit-new-delhi/reviews,I likes the supporting teachers and the ground facility of the college,POSITIVE,0.6908
Collegedunia,https://collegedunia.com/college/13032-bhagwan-parshuram-institute-of-technology-bpit-new-delhi/reviews,I really likes the support that teachers show when you want to learn anything beyond the basic course,POSITIVE,0.7474
Collegedunia,https://collegedunia.com/college/13032-bhagwan-parshuram-institute-of-technology-bpit-new-delhi/reviews,Dislikes the strictness towards the attendance,NEGATIVE,-0.4019
Collegedunia,https://collegedunia.com/college/13032-bhagwan-parshuram-institute-of-technology-bpit-new-delhi/reviews,Canteen is even worse when it comes to variety and taste of the food,NEGATIVE,-0.4767
Collegedunia,https://collegedunia.com/college/13032-bhagwan-parshuram-institute-of-technology-bpit-new-delhi/reviews,"Campus placement is average, not so good you get mostly call centre jobs with around 3-4L package and not so interesting job profiles.",NEGATIVE,-0.707
Collegedunia,https://collegedunia.com/college/13032-bhagwan-parshuram-institute-of-technology-bpit-new-delhi/reviews,So I would prefer a out placement over on campus placemenet when it clmes to my college.,NEUTRAL,0.0
Collegedunia,https://collegedunia.com/college/13032-bhagwan-parshuram-institute-of-technology-bpit-new-delhi/reviews,"Reviewed on Dec 28, 2024(Enrolled 2024)",NEUTRAL,0.0
Collegedunia,https://collegedunia.com/college/13032-bhagwan-parshuram-institute-of-technology-bpit-new-delhi/reviews,Electronics and communication engineering isn't that tough. people say that it's tough but as of first year student. there's no stress for all that stuff.,POSITIVE,0.4466
Collegedunia,https://collegedunia.com/college/13032-bhagwan-parshuram-institute-of-technology-bpit-new-delhi/reviews,Professors are fun and have well equipped lab here.,POSITIVE,0.6597
Collegedunia,https://collegedunia.com/college/13032-bhagwan-parshuram-institute-of-technology-bpit-new-delhi/reviews,"Reviewed on Dec 20, 2024(Enrolled 2021)",NEUTRAL,0.0
Collegedunia,https://collegedunia.com/college/13032-bhagwan-parshuram-institute-of-technology-bpit-new-delhi/reviews,Any topic that is left to teach in the class.,NEUTRAL,0.0
Collegedunia,https://collegedunia.com/college/13032-bhagwan-parshuram-institute-of-technology-bpit-new-delhi/reviews,Teachers are accountable for doubts,NEGATIVE,-0.296
Collegedunia,https://collegedunia.com/college/13032-bhagwan-parshuram-institute-of-technology-bpit-new-delhi/reviews,"Co-curriculum events: There are several sports events, parties, alumni meets, debate competitions",POSITIVE,0.4019
Collegedunia,https://collegedunia.com/college/13032-bhagwan-parshuram-institute-of-technology-bpit-new-delhi/reviews,Canteen: the mess provides decent food and is hygenic,NEGATIVE,-0.3612
Collegedunia,https://collegedunia.com/college/13032-bhagwan-parshuram-institute-of-technology-bpit-new-delhi/reviews,Lack of community engagement: everyone is busy in there all lives.,POSITIVE,0.1779
Collegedunia,https://collegedunia.com/college/13032-bhagwan-parshuram-institute-of-technology-bpit-new-delhi/reviews,No boys hostel: there is no boys hostel.,NEGATIVE,-0.5267
Collegedunia,https://collegedunia.com/college/13032-bhagwan-parshuram-institute-of-technology-bpit-new-delhi/reviews,Less practical exposure: there is less practical exposure to subject practicals,NEUTRAL,0.0
Collegedunia,https://collegedunia.com/college/13032-bhagwan-parshuram-institute-of-technology-bpit-new-delhi/reviews,I am the Head Student Placement Coordinator of my batch.,NEUTRAL,0.0
Collegedunia,https://collegedunia.com/college/13032-bhagwan-parshuram-institute-of-technology-bpit-new-delhi/reviews,Students are eligible for placement in the 7th semester.,NEUTRAL,0.0
Collegedunia,https://collegedunia.com/college/13032-bhagwan-parshuram-institute-of-technology-bpit-new-delhi/reviews,"There are various companies visiting the campus like Accenture, JTG, newgen, Unthinkable solutions, capgemini, cognizant and various Startups. with average offers made is 10 students apart from mass recruiters that take 70-80 students.",POSITIVE,0.4939
Collegedunia,https://collegedunia.com/college/13032-bhagwan-parshuram-institute-of-technology-bpit-new-delhi/reviews,Highest package is 27LPA by Josh and average package is 5LPA.,NEUTRAL,0.0
Collegedunia,https://collegedunia.com/college/13032-bhagwan-parshuram-institute-of-technology-bpit-new-delhi/reviews,Overall 75% students are placed.,NEUTRAL,0.0
Collegedunia,https://collegedunia.com/college/13032-bhagwan-parshuram-institute-of-technology-bpit-new-delhi/reviews,My plans after degree is placement only.,NEUTRAL,0.0
Collegedunia,https://collegedunia.com/college/13032-bhagwan-parshuram-institute-of-technology-bpit-new-delhi/reviews,I'm placed in a company by the college only,NEUTRAL,0.0
Collegedunia,https://collegedunia.com/college/13032-bhagwan-parshuram-institute-of-technology-bpit-new-delhi/reviews,"Reviewed on Dec 15, 2024(Enrolled 2024)",NEUTRAL,0.0
Collegedunia,https://collegedunia.com/college/13032-bhagwan-parshuram-institute-of-technology-bpit-new-delhi/reviews,Faculties are well educated and good they will help you when need,POSITIVE,0.7717
Collegedunia,https://collegedunia.com/college/13032-bhagwan-parshuram-institute-of-technology-bpit-new-delhi/reviews,"Placement is good and cs and it and decent in ece , avoid eee",POSITIVE,0.1779
Collegedunia,https://collegedunia.com/college/13032-bhagwan-parshuram-institute-of-technology-bpit-new-delhi/reviews,As it's located in rohini you will have good areas to visit and near dtu,POSITIVE,0.4404
Collegedunia,https://collegedunia.com/college/13032-bhagwan-parshuram-institute-of-technology-bpit-new-delhi/reviews,Fees is little bit more as compared to other top ipu colleges,POSITIVE,0.2023
Collegedunia,https://collegedunia.com/college/13032-bhagwan-parshuram-institute-of-technology-bpit-new-delhi/reviews,They don't provide any help in education loan,NEGATIVE,-0.3089
Collegedunia,https://collegedunia.com/college/13032-bhagwan-parshuram-institute-of-technology-bpit-new-delhi/reviews,Placement opportunities are here is good.,POSITIVE,0.6705
Collegedunia,https://collegedunia.com/college/13032-bhagwan-parshuram-institute-of-technology-bpit-new-delhi/reviews,Companies come here with the package of 3 LPA to 35-37 LPA and for more you have to apply off campus.,NEUTRAL,0.0
Collegedunia,https://collegedunia.com/college/13032-bhagwan-parshuram-institute-of-technology-bpit-new-delhi/reviews,Cse and it avg will be around 9-10 lpa and ece will be 6-7 lp and eee will be around 4-5.,NEUTRAL,0.0
Collegedunia,https://collegedunia.com/college/13032-bhagwan-parshuram-institute-of-technology-bpit-new-delhi/reviews,"Reviewed on Dec 7, 2024(Enrolled 2022)",NEUTRAL,0.0
Collegedunia,https://collegedunia.com/college/13032-bhagwan-parshuram-institute-of-technology-bpit-new-delhi/reviews,I really like the faculty of my college and theirsupport in everything,POSITIVE,0.4201
Collegedunia,https://collegedunia.com/college/13032-bhagwan-parshuram-institute-of-technology-bpit-new-delhi/reviews,Canteen of the college is good and serve clean and safe food,POSITIVE,0.8176
Collegedunia,https://collegedunia.com/college/13032-bhagwan-parshuram-institute-of-technology-bpit-new-delhi/reviews,I dislike the infrastructure and how the building is not well painted,NEGATIVE,-0.529
Collegedunia,https://collegedunia.com/college/13032-bhagwan-parshuram-institute-of-technology-bpit-new-delhi/reviews,Not all rooms have AC's which makes it pretty tough in summers,POSITIVE,0.4019
Collegedunia,https://collegedunia.com/college/13032-bhagwan-parshuram-institute-of-technology-bpit-new-delhi/reviews,Curriculum is easy to understand and simple to study,POSITIVE,0.4404
Collegedunia,https://collegedunia.com/college/13032-bhagwan-parshuram-institute-of-technology-bpit-new-delhi/reviews,Though there are topics and subjects that doesn't have a direct significance on our course like The indian Constitution and Technical writing..,POSITIVE,0.5574
Collegedunia,https://collegedunia.com/college/13032-bhagwan-parshuram-institute-of-technology-bpit-new-delhi/reviews,How likely are you to recommend collegedunia.com to a friend or a colleague?,POSITIVE,0.6908
